T,AT,VT,AM,VM
0,1,-62.96996489,1,-62.96996489
1,1.2,-58.32584316,1.2,-58.32584316
2,1.4,-53.65839188,1.4,-53.65839188
3,1.6,-48.96947795,1.6,-48.96947795
4,1.8,-44.26097688,1.8,-44.26097688
5,2,-39.53477201,2,-39.53477201
6,2.2,-34.79275377,2.2,-34.79275377
7,2.4,-30.03681888,2.4,-30.03681888
8,2.6,-25.26886967,2.6,-25.26886967
9,2.8,-20.49081324,2.8,-20.49081324
10,3,-15.70456077,3,-15.70456077
11,3.2,-10.91202668,3.2,-10.91202668
12,3.4,-6.115127919,3.4,-6.115127919
13,3.6,-1.315783193,3.6,-1.315783193
14,3.8,3.484087828,3.8,3.484087828
15,4,8.282565261,4,8.282565261
16,4.2,13.07772978,4.2,13.07772978
17,4.4,17.86766338,4.4,17.86766338
18,4.6,22.65045015,4.6,22.65045015
19,4.8,27.42417705,4.8,27.42417705
20,5,32.18693463,5,32.18693463
21,5.2,36.93681788,5.2,36.93681788
22,5.4,41.67192689,5.4,41.67192689
23,5.6,46.39036768,5.6,46.39036768
24,5.8,51.09025295,5.8,51.09025295
25,6,55.7697028,6,55.7697028
26,6.2,60.42684551,6.2,60.42684551
27,6.4,65.05981828,6.4,65.05981828
28,6.6,69.666768,6.6,69.666768
29,6.8,74.24585194,6.8,74.24585194
30,7,78.79523852,7,78.79523852
31,7.2,83.31310807,7.2,83.31310807
32,7.4,87.79765348,7.4,87.79765348
33,7.6,92.247081,7.6,92.247081
34,7.8,96.65961091,7.8,96.65961091
35,8,101.0334783,8,101.0334783
36,8.2,105.3669336,8.2,105.3669336
37,8.4,109.6582435,8.4,109.6582435
38,8.6,113.9056917,8.6,113.9056917
39,8.8,118.107579,8.8,118.107579
40,9,122.2622249,9,122.2622249
41,9.2,126.3679675,9.2,126.3679675
42,9.4,130.4231647,9.4,130.4231647
43,9.6,134.4261943,9.6,134.4261943
44,9.8,138.3754552,9.8,138.3754552
45,10,142.2693678,10,142.2693678
46,10.2,146.1063745,10.2,146.1063745
47,10.4,149.8849407,10.4,149.8849407
48,10.6,153.6035548,10.6,153.6035548
49,10.8,157.2607296,10.8,157.2607296
50,11,160.8550022,11,160.8550022
51,11.2,164.3849349,11.2,150
52,11.4,167.8491159,11.4,140
53,11.6,171.2461594,11.6,220
54,11.8,174.5747068,11.8,210
55,12,177.8334266,12,177.8334266
56,12.2,181.0210154,12.2,181.0210154
57,12.4,184.1361982,12.4,184.1361982
58,12.6,187.177729,12.6,187.177729
59,12.8,190.1443912,12.8,190.1443912
60,13,193.0349982,13,193.0349982
61,13.2,195.8483937,13.2,195.8483937
62,13.4,198.5834525,13.4,198.5834525
63,13.6,201.2390806,13.6,50
64,13.8,203.8142157,13.8,203.8142157
65,14,206.3078279,14,206.3078279
66,14.2,208.7189196,14.2,208.7189196
67,14.4,211.0465266,14.4,211.0465266
68,14.6,213.2897178,14.6,213.2897178
69,14.8,215.4475959,14.8,215.4475959
70,15,217.5192979,15,217.5192979
71,15.2,219.5039951,15.2,219.5039951
72,15.4,221.4008936,15.4,221.4008936
73,15.6,223.2092346,15.6,223.2092346
74,15.8,224.928295,15.8,224.928295
75,16,226.5573871,16,226.5573871
76,16.2,228.0958592,16.2,228.0958592
77,16.4,229.543096,16.4,229.543096
78,16.6,230.8985186,16.6,230.8985186
79,16.8,232.1615849,16.8,232.1615849
80,17,233.3317897,17,233.3317897
81,17.2,234.4086648,17.2,234.4086648
82,17.4,235.3917797,17.4,235.3917797
83,17.6,236.2807409,17.6,236.2807409
84,17.8,237.075193,17.8,237.075193
85,18,237.7748182,18,237.7748182
86,18.2,238.3793366,18.2,238.3793366
87,18.4,238.8885065,18.4,238.8885065
88,18.6,239.3021241,18.6,239.3021241
89,18.8,239.6200241,18.8,239.6200241
90,19,239.8420793,19,239.8420793
91,19.2,239.9682008,19.2,239.9682008
92,19.4,239.9983383,19.4,239.9983383
93,19.6,239.9324796,19.6,239.9324796
94,19.8,239.7706512,19.8,239.7706512
95,20,239.5129176,20,239.5129176
96,20.2,239.1593821,20.2,239.1593821
97,20.4,238.7101861,20.4,238.7101861
98,20.6,238.1655091,20.6,238.1655091
99,20.8,237.5255691,20.8,237.5255691
100,21,236.7906221,21,236.7906221
101,21.2,235.960962,21.2,235.960962
102,21.4,235.0369206,21.4,235.0369206
103,21.6,234.0188676,21.6,234.0188676
104,21.8,232.9072101,21.8,232.9072101
105,22,231.7023929,18,150
106,22.2,230.4048978,19,160
107,22.4,229.0152439,22.4,229.0152439
108,22.6,227.5339868,22.6,227.5339868
109,22.8,225.9617193,22.8,225.9617193
110,23,224.29907,23,224.29907
111,23.2,222.5467041,23.2,222.5467041
112,23.4,220.7053225,23.4,220.7053225
113,23.6,218.7756617,23.6,218.7756617
114,23.8,216.7584936,23.8,216.7584936
115,24,214.654625,24,214.654625
116,24.2,212.4648973,24.2,212.4648973
117,24.4,210.1901866,24.4,210.1901866
118,24.6,207.8314025,24.6,207.8314025
119,24.8,205.3894887,24.8,205.3894887
120,25,202.8654218,25,202.8654218
121,25.2,200.2602115,25.2,200.2602115
122,25.4,197.5748997,25.4,197.5748997
123,25.6,194.8105607,25.6,194.8105607
124,25.8,191.9682999,25.8,191.9682999
125,26,189.0492545,26,189.0492545
126,26.2,186.0545918,26.2,186.0545918
127,26.4,182.9855098,26.4,182.9855098
128,26.6,179.8432361,26.6,179.8432361
129,26.8,176.6290274,26.8,176.6290274
130,27,173.3441695,27,173.3441695
131,27.2,169.9899762,27.2,169.9899762
132,27.4,166.5677892,27.4,166.5677892
133,27.6,163.0789773,27.6,163.0789773
134,27.8,159.524936,27.8,159.524936
135,28,155.9070868,28,155.9070868
136,28.2,152.2268769,28.2,152.2268769
137,28.4,148.4857782,28.4,148.4857782
138,28.6,144.6852873,28.6,144.6852873
139,28.8,140.8269241,28.8,140.8269241
140,29,136.9122321,29,136.9122321
141,29.2,132.942777,29.2,132.942777
142,29.4,128.9201465,10,128.9201465
143,29.6,124.8459497,11,124.8459497
144,29.8,120.7218162,12,120.7218162
145,30,116.5493956,13,116.5493956
146,30.2,112.3303567,14,112.3303567
147,30.4,108.0663873,30.4,108.0663873
148,30.6,103.7591927,30.6,103.7591927
149,30.8,99.4104958,30.8,99.4104958
150,31,95.02203604,31,95.02203604
151,31.2,90.59556874,31.2,90.59556874
152,31.4,86.13286442,31.4,86.13286442
153,31.6,81.6357081,31.6,81.6357081
154,31.8,77.10589858,31.8,77.10589858
155,32,72.54524774,32,72.54524774
156,32.2,67.95557976,32.2,67.95557976
157,32.4,63.33873046,32.4,63.33873046
158,32.6,58.6965465,32.6,58.6965465
159,32.8,54.03088472,32.8,54.03088472
160,33,49.3436113,33,49.3436113
161,33.2,44.63660109,33.2,44.63660109
162,33.4,39.91173684,33.4,39.91173684
163,33.6,35.17090842,33.6,35.17090842
164,33.8,30.41601211,33.8,30.41601211
165,34,25.6489498,34,25.6489498
166,34.2,20.87162826,34.2,20.87162826
167,34.4,16.08595834,34.4,16.08595834
168,34.6,11.29385425,34.6,11.29385425
169,34.8,6.497232766,34.8,6.497232766
170,35,1.69801248,35,1.69801248
171,35.2,-3.101886989,35.2,-3.101886989
172,35.4,-7.900545744,35.4,-7.900545744
173,35.6,-12.69604439,35.6,-12.69604439
174,35.8,-17.48646478,35.8,-17.48646478
175,36,-22.26989082,36,-22.26989082
176,36.2,-27.0444092,36.2,-27.0444092
177,36.4,-31.80811018,36.4,-31.80811018
178,36.6,-36.55908834,36.6,-36.55908834
179,36.8,-41.29544335,36.8,-41.29544335
180,37,-46.01528074,37,-46.01528074
181,37.2,-50.71671262,37.2,-50.71671262
182,37.4,-55.3978585,37.4,-55.3978585
183,37.6,-60.05684597,37.6,-60.05684597
184,37.8,-64.6918115,37.8,-64.6918115
185,38,-69.30090118,38,-69.30090118
186,38.2,-73.88227141,38.2,-73.88227141
187,38.4,-78.43408972,38.4,-78.43408972
188,38.6,-82.95453545,38.6,-82.95453545
189,38.8,-87.44180046,38.8,-87.44180046
190,39,-91.89408992,39,-91.89408992
191,39.2,-96.30962297,39.2,-96.30962297
192,39.4,-100.6866335,39.4,-100.6866335
193,39.6,-105.0233706,39.6,-105.0233706
194,39.8,-109.3180998,39.8,-109.3180998
195,40,-113.5691033,40,-113.5691033
196,40.2,-117.7746806,40.2,-117.7746806
197,40.4,-121.9331496,40.4,-121.9331496
198,40.6,-126.042847,40.6,-126.042847
199,40.8,-130.1021289,40.8,-130.1021289
200,41,-134.1093717,41,-134.1093717
201,41.2,-138.0629726,41.2,-138.0629726
202,41.4,-141.9613501,41.4,-141.9613501
203,41.6,-145.8029449,41.6,-145.8029449
204,41.8,-149.5862205,41.8,-149.5862205
205,42,-153.3096636,42,-153.3096636
206,42.2,-156.9717849,42.2,-156.9717849
207,42.4,-160.5711196,42.4,-160.5711196
208,42.6,-164.106228,42.6,-164.106228
209,42.8,-167.5756961,42.8,-167.5756961
210,43,-170.9781361,43,-170.9781361
211,43.2,-174.3121871,43.2,-174.3121871
212,43.4,-177.5765156,43.4,-177.5765156
213,43.6,-180.7698159,43.6,-180.7698159
214,43.8,-183.8908106,43.8,-183.8908106
215,44,-186.9382515,44,-186.9382515
216,44.2,-189.9109196,44.2,-189.9109196
217,44.4,-192.8076258,44.4,-192.8076258
218,44.6,-195.6272115,44.6,-195.6272115
219,44.8,-198.368549,44.8,-198.368549
220,45,-201.0305417,45,-201.0305417
221,45.2,-203.6121249,45.2,-203.6121249
222,45.4,-206.1122659,45.4,-206.1122659
223,45.6,-208.5299648,45.6,-208.5299648
224,45.8,-210.8642544,45.8,-210.8642544
225,46,-213.1142012,46,-213.1142012
226,46.2,-215.2789051,46.2,-215.2789051
227,46.4,-217.3575004,46.4,-217.3575004
228,46.6,-219.3491555,46.6,-219.3491555
229,46.8,-221.2530739,46.8,-221.2530739
230,47,-223.068494,47,-223.068494
231,47.2,-224.7946897,47.2,-224.7946897
232,47.4,-226.4309706,47.4,-226.4309706
233,47.6,-227.976682,47.6,-227.976682
234,47.8,-229.4312058,47.8,-229.4312058
235,48,-230.7939602,48,-230.7939602
236,48.2,-232.0644001,48.2,-232.0644001
237,48.4,-233.2420173,48.4,-233.2420173
238,48.6,-234.3263408,48.6,-234.3263408
239,48.8,-235.316937,48.8,-235.316937
240,49,-236.2134094,49,-236.2134094
241,49.2,-237.0153997,49.2,-237.0153997
242,49.4,-237.722587,49.4,-237.722587
243,49.6,-238.3346883,49.6,-238.3346883
244,49.8,-238.851459,49.8,-238.851459
245,50,-239.2726923,50,-239.2726923
246,50.2,-239.5982198,50.2,-239.5982198
247,50.4,-239.8279111,50.4,-239.8279111
248,50.6,-239.9616744,50.6,-239.9616744
249,50.8,-239.9994563,50.8,-239.9994563
250,51,-239.9412416,51,-239.9412416
251,51.2,-239.7870536,51.2,-239.7870536
252,51.4,-239.536954,51.4,-239.536954
253,51.6,-239.1910428,51.6,-239.1910428
254,51.8,-238.7494583,51.8,-238.7494583
255,52,-238.2123773,52,-238.2123773
256,52.2,-237.5800145,52.2,-237.5800145
257,52.4,-236.8526228,52.4,-236.8526228
258,52.6,-236.0304933,52.6,-236.0304933
259,52.8,-235.1139547,52.8,-235.1139547
260,53,-234.1033737,53,-234.1033737
261,53.2,-232.9991544,53.2,-232.9991544
262,53.4,-231.8017386,53.4,-231.8017386
263,53.6,-230.5116051,53.6,-230.5116051
264,53.8,-229.1292701,53.8,-229.1292701
265,54,-227.6552865,54,-227.6552865
266,54.2,-226.0902438,54.2,-226.0902438
267,54.4,-224.434768,54.4,-224.434768
268,54.6,-222.6895212,54.6,-222.6895212
269,54.8,-220.8552017,54.8,-220.8552017
270,55,-218.932543,55,-218.932543
271,55.2,-216.9223142,55.2,-216.9223142
272,55.4,-214.8253193,55.4,-214.8253193
273,55.6,-212.6423972,55.6,-212.6423972
274,55.8,-210.374421,55.8,-210.374421
275,56,-208.0222978,56,-208.0222978
276,56.2,-205.5869685,56.2,-205.5869685
277,56.4,-203.0694071,56.4,-203.0694071
278,56.6,-200.4706207,56.6,-200.4706207
279,56.8,-197.7916487,56.8,-197.7916487
280,57,-195.0335627,57,-195.0335627
281,57.2,-192.1974658,57.2,-192.1974658
282,57.4,-189.2844925,57.4,-189.2844925
283,57.6,-186.295808,57.6,-186.295808
284,57.8,-183.2326076,57.8,-183.2326076
285,58,-180.0961166,58,-180.0961166
286,58.2,-176.8875896,58.2,-176.8875896
287,58.4,-173.6083098,58.4,-173.6083098
288,58.6,-170.2595891,58.6,-170.2595891
289,58.8,-166.8427668,58.8,-166.8427668
290,59,-163.3592097,59,-163.3592097
291,59.2,-159.810311,59.2,-159.810311
292,59.4,-156.1974903,59.4,-156.1974903
293,59.6,-152.5221927,59.6,-152.5221927
294,59.8,-148.7858883,59.8,-148.7858883
295,60,-144.9900715,60,-144.9900715
296,60.2,-141.1362606,60.2,-141.1362606
297,60.4,-137.2259971,60.4,-137.2259971
298,60.6,-133.260845,60.6,-133.260845
299,60.8,-129.2423904,60.8,-129.2423904
300,61,-125.1722405,61,-125.1722405
301,61.2,-121.0520234,61.2,-121.0520234
302,61.4,-116.8833871,61.4,-116.8833871
303,61.6,-112.667999,61.6,-112.667999
304,61.8,-108.4075452,61.8,-108.4075452
305,62,-104.1037298,62,-104.1037298
306,62.2,-99.75827436,62.2,-99.75827436
307,62.4,-95.37291691,62.4,-95.37291691
308,62.6,-90.94941157,62.6,-90.94941157
309,62.8,-86.48952767,62.8,-86.48952767
310,63,-81.99504911,63,-81.99504911
311,63.2,-77.46777363,63.2,-77.46777363
312,63.4,-72.90951207,63.4,-72.90951207
313,63.6,-68.32208768,63.6,-68.32208768
314,63.8,-63.70733536,63.8,-63.70733536
315,64,-59.06710096,64,-59.06710096
316,64.2,-54.40324051,64.2,-54.40324051
317,64.4,-49.71761948,64.4,-49.71761948
318,64.6,-45.01211207,64.6,-45.01211207
319,64.8,-40.28860042,64.8,-40.28860042
320,65,-35.54897386,65,-35.54897386
321,65.2,-30.79512819,65.2,-30.79512819
322,65.4,-26.02896488,65.4,-26.02896488
323,65.6,-21.25239033,65.6,-21.25239033
324,65.8,-16.4673151,65.8,-16.4673151
325,66,-11.67565317,66,-11.67565317
326,66.2,-6.879321133,66.2,-6.879321133
327,66.4,-2.08023746,66.4,-2.08023746
328,66.6,2.719678281,66.6,2.719678281
329,66.8,7.518506187,66.8,7.518506187
330,67,12.31432679,67,12.31432679
331,67.2,17.10522183,67.2,17.10522183
332,67.4,21.889275,67.4,21.889275
333,67.6,26.66457276,67.6,26.66457276
334,67.8,31.42920505,67.8,31.42920505
335,68,36.18126607,68,36.18126607
336,68.2,40.91885507,68.2,40.91885507
337,68.4,45.64007707,68.4,45.64007707
338,68.6,50.34304365,68.6,50.34304365
339,68.8,55.02587368,68.8,55.02587368
340,69,59.6866941,69,59.6866941
341,69.2,64.32364063,69.2,64.32364063
342,69.4,68.93485857,69.4,68.93485857
343,69.6,73.51850348,69.6,73.51850348
344,69.8,78.07274197,69.8,78.07274197
345,70,82.59575241,70,82.59575241
346,70.2,87.08572564,70.2,87.08572564
347,70.4,91.54086575,70.4,91.54086575
348,70.6,95.95939073,70.6,95.95939073
349,70.8,100.3395332,70.8,100.3395332
350,71,104.6795413,71,104.6795413
351,71.2,108.9776789,71.2,108.9776789
352,71.4,113.2322269,71.4,113.2322269
353,71.6,117.4414835,71.6,117.4414835
354,71.8,121.603765,71.8,121.603765
355,72,125.7174067,72,125.7174067
356,72.2,129.7807631,72.2,129.7807631
357,72.4,133.792209,72.4,133.792209
358,72.6,137.7501397,72.6,137.7501397
359,72.8,141.6529722,72.8,141.6529722
360,73,145.4991454,73,145.4991454
361,73.2,149.2871209,73.2,149.2871209
362,73.4,153.0153836,73.4,153.0153836
363,73.6,156.6824421,73.6,156.6824421
364,73.8,160.2868297,73.8,160.2868297
365,74,163.8271048,74,163.8271048
366,74.2,167.3018512,74.2,167.3018512
367,74.4,170.7096791,74.4,170.7096791
368,74.6,174.0492253,74.6,174.0492253
369,74.8,177.3191542,74.8,177.3191542
370,75,180.5181579,75,180.5181579
371,75.2,183.6449566,75.2,183.6449566
372,75.4,186.6982998,75.4,186.6982998
373,75.6,189.6769662,75.6,189.6769662
374,75.8,192.5797644,75.8,192.5797644
375,76,195.4055332,76,195.4055332
376,76.2,198.1531424,76.2,198.1531424
377,76.4,200.8214929,76.4,200.8214929
378,76.6,203.4095176,76.6,203.4095176
379,76.8,205.9161811,76.8,205.9161811
380,77,208.340481,77,208.340481
381,77.2,210.6814474,77.2,210.6814474
382,77.4,212.938144,77.4,212.938144
383,77.6,215.1096683,77.6,215.1096683
384,77.8,217.1951515,77.8,217.1951515
385,78,219.1937596,78,219.1937596
386,78.2,221.104693,78.2,221.104693
387,78.4,222.9271876,78.4,222.9271876
388,78.6,224.6605143,78.6,224.6605143
389,78.8,226.3039797,78.8,226.3039797
390,79,227.8569266,79,227.8569266
391,79.2,229.3187337,79.2,229.3187337
392,79.4,230.6888164,79.4,230.6888164
393,79.6,231.9666266,79.6,231.9666266
394,79.8,233.1516533,79.8,233.1516533
395,80,234.2434225,80,234.2434225
396,80.2,235.2414974,80.2,235.2414974
397,80.4,236.1454788,80.4,236.1454788
398,80.6,236.9550052,80.6,236.9550052
399,80.8,237.6697527,80.8,237.6697527
400,81,238.2894355,81,238.2894355
401,81.2,238.8138058,81.2,238.8138058
402,81.4,239.2426536,81.4,239.2426536
403,81.6,239.5758076,81.6,239.5758076
404,81.8,239.8131345,81.8,239.8131345
405,82,239.9545393,82,239.9545393
406,82.2,239.9999655,82.2,239.9999655
407,82.4,239.949395,82.4,239.949395
408,82.6,239.8028478,82.6,239.8028478
409,82.8,239.5603827,82.8,239.5603827
410,83,239.2220967,83,239.2220967
411,83.2,238.788125,83.2,238.788125
412,83.4,238.2586412,83.4,238.2586412
413,83.6,237.6338572,83.6,237.6338572
414,83.8,236.9140228,83.8,236.9140228
415,84,236.0994259,84,236.0994259
416,84.2,235.1903924,84.2,235.1903924
417,84.4,234.1872859,84.4,234.1872859
418,84.6,233.0905076,84.6,233.0905076
419,84.8,231.9004962,84.8,231.9004962
420,85,230.6177277,85,230.6177277
421,85.2,229.2427152,85.2,229.2427152
422,85.4,227.7760087,85.4,227.7760087
423,85.6,226.2181948,85.6,226.2181948
424,85.8,224.5698966,85.8,224.5698966
425,86,222.8317735,86,222.8317735
426,86.2,221.0045206,86.2,221.0045206
427,86.4,219.0888689,86.4,219.0888689
428,86.6,217.0855845,86.6,217.0855845
429,86.8,214.9954688,86.8,214.9954688
430,87,212.8193578,87,212.8193578
431,87.2,210.5581218,87.2,210.5581218
432,87.4,208.2126655,87.4,208.2126655
433,87.6,205.7839268,87.6,205.7839268
434,87.8,203.2728773,87.8,203.2728773
435,88,200.6805214,88,200.6805214
436,88.2,198.0078959,88.2,198.0078959
437,88.4,195.2560699,88.4,195.2560699
438,88.6,192.4261441,88.6,192.4261441
439,88.8,189.5192504,88.8,189.5192504
440,89,186.5365516,89,186.5365516
441,89.2,183.4792406,89.2,183.4792406
442,89.4,180.3485403,89.4,180.3485403
443,89.6,177.145703,89.6,177.145703
444,89.8,173.8720099,89.8,173.8720099
445,90,170.5287702,90,170.5287702
446,90.2,167.1173213,90.2,167.1173213
447,90.4,163.6390277,90.4,163.6390277
448,90.6,160.0952806,90.6,160.0952806
449,90.8,156.4874976,90.8,156.4874976
450,91,152.8171217,91,152.8171217
451,91.2,149.085621,91.2,149.085621
452,91.4,145.294488,91.4,145.294488
453,91.6,141.4452391,91.6,141.4452391
454,91.8,137.5394141,91.8,137.5394141
455,92,133.5785751,92,133.5785751
456,92.2,129.5643064,92.2,129.5643064
457,92.4,125.4982138,92.4,125.4982138
458,92.6,121.3819235,92.6,121.3819235
459,92.8,117.2170821,92.8,117.2170821
460,93,113.0053555,93,113.0053555
461,93.2,108.7484282,93.2,108.7484282
462,93.4,104.4480029,93.4,104.4480029
463,93.6,100.1057999,93.6,100.1057999
464,93.8,95.72355586,93.8,95.72355586
465,94,91.30302369,94,91.30302369
466,94.2,86.84597153,94.2,86.84597153
467,94.4,82.35418214,94.4,82.35418214
468,94.6,77.82945217,94.6,77.82945217
469,94.8,73.27359146,94.8,73.27359146
470,95,68.68842229,95,68.68842229
471,95.2,64.07577867,95.2,64.07577867
472,95.4,59.43750559,95.4,59.43750559
473,95.6,54.7754583,95.6,54.7754583
474,95.8,50.09150156,95.8,50.09150156
475,96,45.38750888,96,45.38750888
476,96.2,40.66536181,96.2,40.66536181
477,96.4,35.92694913,96.4,35.92694913
478,96.6,31.17416616,96.6,31.17416616
479,96.8,26.40891393,96.8,26.40891393
480,97,21.63309849,97,21.63309849
481,97.2,16.8486301,97.2,16.8486301
482,97.4,12.05742248,97.4,12.05742248
483,97.6,7.26139205,97.6,7.26139205
484,97.8,2.462457163,97.8,2.462457163
485,98,-2.337462675,98,-2.337462675
486,98.2,-7.136447559,98.2,-7.136447559
487,98.4,-11.93257796,98.4,-11.93257796
488,98.6,-16.72393549,98.6,-16.72393549
489,98.8,-21.50860366,98.8,-21.50860366
490,99,-26.28466868,99,-26.28466868
491,99.2,-31.05022019,99.2,-31.05022019
492,99.4,-35.80335202,99.4,-35.80335202
493,99.6,-40.54216299,99.6,-40.54216299
494,99.8,-45.26475763,99.8,-45.26475763
495,100,-49.96924697,100,-49.96924697
496,100.2,-54.65374928,100.2,-54.65374928
497,100.4,-59.31639082,100.4,-59.31639082
498,100.6,-63.9553066,100.6,-63.9553066
499,100.8,-68.5686411,100.8,-68.5686411
500,101,-73.15454906,101,-73.15454906
501,101.2,-77.71119618,101.2,-77.71119618
502,101.4,-82.23675986,101.4,-82.23675986
503,101.6,-86.72942993,101.6,-86.72942993
504,101.8,-91.18740938,101.8,-91.18740938
505,102,-95.60891508,102,-95.60891508
506,102.2,-99.9921785,102.2,-99.9921785
507,102.4,-104.3354464,102.4,-104.3354464
508,102.6,-108.6369815,102.6,-108.6369815
509,102.8,-112.8950632,102.8,-112.8950632
510,103,-117.1079884,103,-117.1079884
511,103.2,-121.274072,103.2,-121.274072
512,103.4,-125.3916476,103.4,-125.3916476
513,103.6,-129.4590682,103.6,-129.4590682
514,103.8,-133.4747069,103.8,-133.4747069
515,104,-137.4369575,104,-137.4369575
516,104.2,-141.3442351,104.2,-141.3442351
517,104.4,-145.1949769,104.4,-145.1949769
518,104.6,-148.9876427,104.6,-148.9876427
519,104.8,-152.7207154,104.8,-152.7207154
520,105,-156.3927018,105,-156.3927018
521,105.2,-160.0021333,105.2,-160.0021333
522,105.4,-163.547566,105.4,-163.547566
523,105.6,-167.0275819,105.6,-167.0275819
524,105.8,-170.440789,105.8,-170.440789
525,106,-173.785822,106,-173.785822
526,106.2,-177.0613431,106.2,-177.0613431
527,106.4,-180.2660419,106.4,-180.2660419
528,106.6,-183.3986368,106.6,-183.3986368
529,106.8,-186.4578746,106.8,-186.4578746
530,107,-189.4425318,107,-189.4425318
531,107.2,-192.3514144,107.2,-192.3514144
532,107.4,-195.1833591,107.4,-195.1833591
533,107.6,-197.9372331,107.6,-197.9372331
534,107.8,-200.6119347,107.8,-200.6119347
535,108,-203.2063943,108,-203.2063943
536,108.2,-205.7195741,108.2,-205.7195741
537,108.4,-208.1504687,108.4,-208.1504687
538,108.6,-210.4981059,108.6,-210.4981059
539,108.8,-212.7615467,108.8,-212.7615467
540,109,-214.9398858,109,-214.9398858
541,109.2,-217.0322517,109.2,-217.0322517
542,109.4,-219.0378076,109.4,-219.0378076
543,109.6,-220.9557513,109.6,-220.9557513
544,109.8,-222.7853157,109.8,-222.7853157
545,110,-224.5257689,110,-224.5257689
546,110.2,-226.1764148,110.2,-226.1764148
547,110.4,-227.7365932,110.4,-227.7365932
548,110.6,-229.2056799,110.6,-229.2056799
549,110.8,-230.5830874,110.8,-230.5830874
550,111,-231.8682648,111,-231.8682648
551,111.2,-233.060698,111.2,-233.060698
552,111.4,-234.1599099,111.4,-234.1599099
553,111.6,-235.1654611,111.6,-235.1654611
554,111.8,-236.0769492,111.8,-236.0769492
555,112,-236.8940096,112,-236.8940096
556,112.2,-237.6163156,112.2,-237.6163156
557,112.4,-238.2435783,112.4,-238.2435783
558,112.6,-238.7755467,112.6,-238.7755467
559,112.8,-239.2120081,112.8,-239.2120081
560,113,-239.5527878,113,-239.5527878
561,113.2,-239.7977497,113.2,-239.7977497
562,113.4,-239.9467956,113.4,-239.9467956
563,113.6,-239.999866,113.6,-239.999866
564,113.8,-239.9569397,113.8,-239.9569397
565,114,-239.8180337,114,-239.8180337
566,114.2,-239.5832038,114.2,-239.5832038
567,114.4,-239.2525438,114.4,-239.2525438
568,114.6,-238.826186,114.6,-238.826186
569,114.8,-238.3043008,114.8,-238.3043008
570,115,-237.6870971,115,-237.6870971
571,115.2,-236.9748218,115.2,-236.9748218
572,115.4,-236.1677597,115.4,-236.1677597
573,115.6,-235.2662336,115.6,-235.2662336
574,115.8,-234.2706042,115.8,-234.2706042
575,116,-233.1812696,116,-233.1812696
576,116.2,-231.9986657,116.2,-231.9986657
577,116.4,-230.7232654,116.4,-230.7232654
578,116.6,-229.3555788,116.6,-229.3555788
579,116.8,-227.8961531,116.8,-227.8961531
580,117,-226.345572,117,-226.345572
581,117.2,-224.7044556,117.2,-224.7044556
582,117.4,-222.9734605,117.4,-222.9734605
583,117.6,-221.1532789,117.6,-221.1532789
584,117.8,-219.244639,117.8,-219.244639
585,118,-217.2483042,118,-217.2483042
586,118.2,-215.1650729,118.2,-215.1650729
587,118.4,-212.9957785,118.4,-212.9957785
588,118.6,-210.7412886,118.6,-210.7412886
589,118.8,-208.402505,118.8,-208.402505
590,119,-205.9803631,119,-205.9803631
591,119.2,-203.4758319,119.2,-203.4758319
592,119.4,-200.889913,119.4,-200.889913
593,119.6,-198.2236409,119.6,-198.2236409
594,119.8,-195.4780819,119.8,-195.4780819
595,120,-192.6543344,120,-192.6543344
596,120.2,-189.7535276,120.2,-189.7535276
597,120.4,-186.776822,120.4,-186.776822
598,120.6,-183.7254081,120.6,-183.7254081
599,120.8,-180.6005066,120.8,-180.6005066
600,121,-177.4033672,121,-177.4033672
601,121.2,-174.1352688,121.2,-174.1352688
602,121.4,-170.7975187,121.4,-170.7975187
603,121.6,-167.3914518,121.6,-167.3914518
604,121.8,-163.9184306,121.8,-163.9184306
605,122,-160.3798442,122,-160.3798442
606,122.2,-156.777108,122.2,-156.777108
607,122.4,-153.1116631,122.4,-153.1116631
608,122.6,-149.3849755,122.6,-149.3849755
609,122.8,-145.5985359,122.8,-145.5985359
610,123,-141.7538589,123,-141.7538589
611,123.2,-137.8524821,123.2,-137.8524821
612,123.4,-133.8959663,123.4,-133.8959663
613,123.6,-129.8858938,123.6,-129.8858938
614,123.8,-125.8238687,123.8,-125.8238687
615,124,-121.7115158,124,-121.7115158
616,124.2,-117.5504798,124.2,-117.5504798
617,124.4,-113.3424253,124.4,-113.3424253
618,124.6,-109.0890353,124.6,-109.0890353
619,124.8,-104.7920111,124.8,-104.7920111
620,125,-100.4530715,125,-100.4530715
621,125.2,-96.07395201,125.2,-96.07395201
622,125.4,-91.65640423,125.4,-91.65640423
623,125.6,-87.20219511,125.6,-87.20219511
624,125.8,-82.71310627,125.8,-82.71310627
625,126,-78.1909333,126,-78.1909333
626,126.2,-73.63748499,126.2,-73.63748499
627,126.4,-69.05458268,126.4,-69.05458268
628,126.6,-64.44405945,126.6,-64.44405945
629,126.8,-59.80775946,126.8,-59.80775946
630,127,-55.14753716,127,-55.14753716
631,127.2,-50.46525658,127.2,-50.46525658
632,127.4,-45.76279057,127.4,-45.76279057
633,127.6,-41.04202005,127.6,-41.04202005
634,127.8,-36.30483328,127.8,-36.30483328
635,128,-31.55312505,128,-31.55312505
636,128.2,-26.78879599,128.2,-26.78879599
637,128.4,-22.01375178,128.4,-22.01375178
638,128.6,-17.22990236,128.6,-17.22990236
639,128.8,-12.4391612,128.8,-12.4391612
640,129,-7.643444548,129,-7.643444548
641,129.2,-2.844670619,129.2,-2.844670619
642,129.4,1.95524114,129.4,1.95524114
643,129.6,6.754370829,129.6,6.754370829
644,129.8,11.55079886,129.8,11.55079886
645,130,16.34260672,130,16.34260672
646,130.2,21.12787776,130.2,21.12787776
647,130.4,25.90469794,130.4,25.90469794
648,130.6,30.67115657,130.6,30.67115657
649,130.8,35.42534716,130.8,35.42534716
650,131,40.16536807,131,40.16536807
651,131.2,44.88932338,131.2,44.88932338
652,131.4,49.59532355,131.4,49.59532355
653,131.6,54.28148626,131.6,54.28148626
654,131.8,58.94593709,131.8,58.94593709
655,132,63.58681034,132,63.58681034
656,132.2,68.20224971,132.2,68.20224971
657,132.4,72.79040909,132.4,72.79040909
658,132.6,77.34945328,132.6,77.34945328
659,132.8,81.87755871,132.8,81.87755871
660,133,86.37291422,133,86.37291422
661,133.2,90.83372171,133.2,90.83372171
662,133.4,95.25819692,133.4,95.25819692
663,133.6,99.64457013,133.6,99.64457013
664,133.8,103.9910868,133.8,103.9910868
665,134,108.2960085,134,108.2960085
666,134.2,112.5576132,134.2,112.5576132
667,134.4,116.7741963,134.4,116.7741963
668,134.6,120.9440714,134.6,120.9440714
669,134.8,125.0655704,134.8,125.0655704
670,135,129.1370448,135,129.1370448
671,135.2,133.1568662,135.2,133.1568662
672,135.4,137.1234266,135.4,137.1234266
673,135.6,141.0351394,135.6,141.0351394
674,135.8,144.8904401,135.8,144.8904401
675,136,148.6877865,136,148.6877865
676,136.2,152.4256598,136.2,152.4256598
677,136.4,156.1025649,136.4,156.1025649
678,136.6,159.717031,136.6,159.717031
679,136.8,163.2676124,136.8,163.2676124
680,137,166.752889,137,166.752889
681,137.2,170.1714666,137.2,170.1714666
682,137.4,173.5219779,137.4,173.5219779
683,137.6,176.8030828,137.6,176.8030828
684,137.8,180.0134687,137.8,180.0134687
685,138,183.1518517,138,183.1518517
686,138.2,186.2169764,138.2,186.2169764
687,138.4,189.2076168,138.4,189.2076168
688,138.6,192.1225766,138.6,192.1225766
689,138.8,194.96069,138.8,194.96069
690,139,197.7208217,139,197.7208217
691,139.2,200.4018677,139.2,200.4018677
692,139.4,203.0027556,139.4,203.0027556
693,139.6,205.5224452,139.6,205.5224452
694,139.8,207.9599285,139.8,207.9599285
695,140,210.3142306,140,210.3142306
696,140.2,212.5844098,140.2,212.5844098
697,140.4,214.7695581,140.4,214.7695581
698,140.6,216.8688014,140.6,216.8688014
699,140.8,218.8813001,140.8,218.8813001
700,141,220.8062492,141,220.8062492
701,141.2,222.6428787,141.2,222.6428787
702,141.4,224.3904541,141.4,224.3904541
703,141.6,226.0482762,141.6,226.0482762
704,141.8,227.6156821,141.8,227.6156821
705,142,229.0920447,142,229.0920447
706,142.2,230.4767736,142.2,230.4767736
707,142.4,231.7693148,142.4,231.7693148
708,142.6,232.9691514,142.6,232.9691514
709,142.8,234.0758034,142.8,234.0758034
710,143,235.0888283,143,235.0888283
711,143.2,236.0078207,143.2,236.0078207
712,143.4,236.8324132,143.4,236.8324132
713,143.6,237.5622758,143.6,237.5622758
714,143.8,238.1971167,143.8,238.1971167
715,144,238.736682,144,238.736682
716,144.2,239.1807557,144.2,239.1807557
717,144.4,239.5291604,144.4,239.5291604
718,144.6,239.7817565,144.6,239.7817565
719,144.8,239.9384432,144.8,239.9384432
720,145,239.9991577,145,239.9991577
721,145.2,239.9638757,145.2,239.9638757
722,145.4,239.8326114,145.4,239.8326114
723,145.6,239.6054172,145.6,239.6054172
724,145.8,239.282384,145.8,239.282384
725,146,238.8636411,146,238.8636411
726,146.2,238.3493559,146.2,238.3493559
727,146.4,237.7397342,146.4,237.7397342
728,146.6,237.0350197,146.6,237.0350197
729,146.8,236.2354944,146.8,236.2354944
730,147,235.341478,147,235.341478
731,147.2,234.3533282,147.2,234.3533282
732,147.4,233.2714402,147.4,233.2714402
733,147.6,232.0962467,147.6,232.0962467
734,147.8,230.8282178,147.8,230.8282178
735,148,229.4678607,148,229.4678607
736,148.2,228.0157195,148.2,228.0157195
737,148.4,226.472375,148.4,226.472375
738,148.6,224.8384447,148.6,224.8384447
739,148.8,223.1145819,148.8,223.1145819
740,149,221.3014763,149,221.3014763
741,149.2,219.3998531,149.2,219.3998531
742,149.4,217.4104728,149.4,217.4104728
743,149.6,215.3341312,149.6,215.3341312
744,149.8,213.1716589,149.8,213.1716589
745,150,210.9239207,150,210.9239207
746,150.2,208.5918158,150.2,208.5918158
747,150.4,206.176277,150.4,206.176277
748,150.6,203.6782703,150.6,203.6782703
749,150.8,201.0987951,150.8,201.0987951
750,151,198.4388831,151,198.4388831
751,151.2,195.6995981,151.2,195.6995981
752,151.4,192.8820359,151.4,192.8820359
753,151.6,189.9873235,151.6,189.9873235
754,151.8,187.0166187,151.8,187.0166187
755,152,183.9711097,152,183.9711097
756,152.2,180.8520147,152.2,180.8520147
757,152.4,177.6605814,152.4,177.6605814
758,152.6,174.3980861,152.6,174.3980861
759,152.8,171.065834,152.8,171.065834
760,153,167.6651578,153,167.6651578
761,153.2,164.1974178,153.2,164.1974178
762,153.4,160.664001,153.4,160.664001
763,153.6,157.0663207,153.6,157.0663207
764,153.8,153.405816,153.8,153.405816
765,154,149.6839511,154,149.6839511
766,154.2,145.9022145,154.2,145.9022145
767,154.4,142.062119,154.4,142.062119
768,154.6,138.1652006,154.6,138.1652006
769,154.8,134.2130179,154.8,134.2130179
770,155,130.2071518,155,130.2071518
771,155.2,126.1492045,155.2,126.1492045
772,155.4,122.0407993,155.4,122.0407993
773,155.6,117.8835794,155.6,117.8835794
774,155.8,113.6792076,155.8,113.6792076
775,156,109.4293657,156,109.4293657
776,156.2,105.1357534,156.2,105.1357534
777,156.4,100.8000883,156.4,100.8000883
778,156.6,96.42410445,156.6,96.42410445
779,156.8,92.00955227,156.8,92.00955227
780,157,87.55819749,157,87.55819749
781,157.2,83.0718206,157.2,83.0718206
782,157.4,78.55221609,157.4,78.55221609
783,157.6,74.00119174,157.6,74.00119174
784,157.8,69.4205679,157.8,69.4205679
785,158,64.81217676,158,64.81217676
786,158.2,60.17786161,158.2,60.17786161
787,158.4,55.51947612,158.4,55.51947612
788,158.6,50.83888359,158.6,50.83888359
789,158.8,46.13795617,158.8,46.13795617
790,159,41.41857419,159,41.41857419
791,159.2,36.68262533,159.2,36.68262533
792,159.4,31.93200391,159.4,31.93200391
793,159.6,27.16861011,159.6,27.16861011
794,159.8,22.39434923,159.8,22.39434923
795,160,17.61113091,160,17.61113091
796,160.2,12.82086837,160.2,12.82086837
797,160.4,8.025477659,160.4,8.025477659
798,160.6,3.226876861,160.6,3.226876861
799,160.8,-1.573014645,160.8,-1.573014645
800,161,-6.372276966,161,-6.372276966
801,161.2,-11.16899046,161.2,-11.16899046
802,161.4,-15.96123651,161.4,-15.96123651
803,161.6,-20.74709827,161.6,-20.74709827
804,161.8,-25.52466148,161.8,-25.52466148
805,162,-30.29201516,162,-30.29201516
806,162.2,-35.04725243,162.2,-35.04725243
807,162.4,-39.78847128,162.4,-39.78847128
808,162.6,-44.51377526,162.6,-44.51377526
809,162.8,-49.22127433,162.8,-49.22127433
810,163,-53.90908554,163,-53.90908554
811,163.2,-58.57533384,163.2,-58.57533384
812,163.4,-63.21815279,163.4,-63.21815279
813,163.6,-67.83568532,163.6,-67.83568532
814,163.8,-72.42608448,163.8,-72.42608448
815,164,-76.98751417,164,-76.98751417
816,164.2,-81.51814988,164.2,-81.51814988
817,164.4,-86.01617942,164.4,-86.01617942
818,164.6,-90.47980363,164.6,-90.47980363
819,164.8,-94.90723713,164.8,-94.90723713
820,165,-99.296709,165,-99.296709
821,165.2,-103.6464635,165.2,-103.6464635
822,165.4,-107.9547608,165.4,-107.9547608
823,165.6,-112.2198777,165.6,-112.2198777
824,165.8,-116.440108,165.8,-116.440108
825,166,-120.6137639,166,-120.6137639
826,166.2,-124.7391759,166.2,-124.7391759
827,166.4,-128.8146939,166.4,-128.8146939
828,166.6,-132.8386878,166.6,-132.8386878
829,166.8,-136.8095479,166.8,-136.8095479
830,167,-140.725686,167,-140.725686
831,167.2,-144.5855358,167.2,-144.5855358
832,167.4,-148.3875532,167.4,-148.3875532
833,167.6,-152.1302176,167.6,-152.1302176
834,167.8,-155.812032,167.8,-155.812032
835,168,-159.4315236,168,-159.4315236
836,168.2,-162.9872447,168.2,-162.9872447
837,168.4,-166.4777731,168.4,-166.4777731
838,168.6,-169.9017126,168.6,-169.9017126
839,168.8,-173.2576937,168.8,-173.2576937
840,169,-176.544374,169,-176.544374
841,169.2,-179.760439,169.2,-179.760439
842,169.4,-182.9046021,169.4,-182.9046021
843,169.6,-185.9756059,169.6,-185.9756059
844,169.8,-188.9722218,169.8,-188.9722218
845,170,-191.8932515,170,-191.8932515
846,170.2,-194.7375263,170.2,-194.7375263
847,170.4,-197.5039088,170.4,-197.5039088
848,170.6,-200.1912923,170.6,-200.1912923
849,170.8,-202.798602,170.8,-202.798602
850,171,-205.324795,171,-205.324795
851,171.2,-207.7688607,171.2,-207.7688607
852,171.4,-210.1298217,171.4,-210.1298217
853,171.6,-212.4067336,171.6,-212.4067336
854,171.8,-214.5986856,171.8,-214.5986856
855,172,-216.704801,172,-216.704801
856,172.2,-218.7242373,172.2,-218.7242373
857,172.4,-220.6561869,172.4,-220.6561869
858,172.6,-222.499877,172.6,-222.499877
859,172.8,-224.25457,172.8,-224.25457
860,173,-225.9195642,173,-225.9195642
861,173.2,-227.4941937,173.2,-227.4941937
862,173.4,-228.9778284,173.4,-228.9778284
863,173.6,-230.3698751,173.6,-230.3698751
864,173.8,-231.6697769,173.8,-231.6697769
865,174,-232.8770139,174,-232.8770139
866,174.2,-233.9911032,174.2,-233.9911032
867,174.4,-235.0115992,174.4,-235.0115992
868,174.6,-235.9380936,174.6,-235.9380936
869,174.8,-236.770216,174.8,-236.770216
870,175,-237.5076334,175,-237.5076334
871,175.2,-238.150051,175.2,-238.150051
872,175.4,-238.6972117,175.4,-238.6972117
873,175.6,-239.1488967,175.6,-239.1488967
874,175.8,-239.5049253,175.8,-239.5049253
875,176,-239.7651552,176,-239.7651552
876,176.2,-239.9294822,176.2,-239.9294822
877,176.4,-239.9978406,176.4,-239.9978406
878,176.6,-239.9702031,176.6,-239.9702031
879,176.8,-239.8465806,176.8,-239.8465806
880,177,-239.6270228,177,-239.6270228
881,177.2,-239.3116173,177.2,-239.3116173
882,177.4,-238.9004904,177.4,-238.9004904
883,177.6,-238.3938065,177.6,-238.3938065
884,177.8,-237.7917682,177.8,-237.7917682
885,178,-237.0946164,178,-237.0946164
886,178.2,-236.3026299,178.2,-236.3026299
887,178.4,-235.4161255,178.4,-235.4161255
888,178.6,-234.4354578,178.6,-234.4354578
889,178.8,-233.361019,178.8,-233.361019
890,179,-232.1932389,179,-232.1932389
891,179.2,-230.9325847,179.2,-230.9325847
892,179.4,-229.5795604,179.4,-229.5795604
893,179.6,-228.1347075,179.6,-228.1347075
894,179.8,-226.5986036,179.8,-226.5986036
895,180,-224.9718634,180,-224.9718634
896,180.2,-223.2551374,180.2,-223.2551374
897,180.4,-221.4491123,180.4,-221.4491123
898,180.6,-219.5545106,180.6,-219.5545106
899,180.8,-217.5720899,180.8,-217.5720899
900,181,-215.5026434,181,-215.5026434
901,181.2,-213.3469986,181.2,-213.3469986
902,181.4,-211.1060179,181.4,-211.1060179
903,181.6,-208.7805976,181.6,-208.7805976
904,181.8,-206.3716678,181.8,-206.3716678
905,182,-203.8801922,182,-203.8801922
906,182.2,-201.3071671,182.2,-201.3071671
907,182.4,-198.6536219,182.4,-198.6536219
908,182.6,-195.9206179,182.6,-195.9206179
909,182.8,-193.1092482,182.8,-193.1092482
910,183,-190.2206375,183,-190.2206375
911,183.2,-187.255941,183.2,-187.255941
912,183.4,-184.2163446,183.4,-184.2163446
913,183.6,-181.1030641,183.6,-181.1030641
914,183.8,-177.9173449,183.8,-177.9173449
915,184,-174.660461,184,-174.660461
916,184.2,-171.3337153,184.2,-171.3337153
917,184.4,-167.9384385,184.4,-167.9384385
918,184.6,-164.4759884,184.6,-164.4759884
919,184.8,-160.9477502,184.8,-160.9477502
920,185,-157.355135,185,-157.355135
921,185.2,-153.6995799,185.2,-153.6995799
922,185.4,-149.982547,185.4,-149.982547
923,185.6,-146.205523,185.6,-146.205523
924,185.8,-142.3700188,185.8,-142.3700188
925,186,-138.4775685,186,-138.4775685
926,186.2,-134.529729,186.2,-134.529729
927,186.4,-130.5280794,186.4,-130.5280794
928,186.6,-126.4742203,186.6,-126.4742203
929,186.8,-122.3697733,186.8,-122.3697733
930,187,-118.2163799,187,-118.2163799
931,187.2,-114.0157016,187.2,-114.0157016
932,187.4,-109.7694185,187.4,-109.7694185
933,187.6,-105.4792291,187.6,-105.4792291
934,187.8,-101.1468494,187.8,-101.1468494
935,188,-96.77401232,188,-96.77401232
936,188.2,-92.36246692,188.2,-92.36246692
937,188.4,-87.91397778,188.4,-87.91397778
938,188.6,-83.43032421,188.6,-83.43032421
939,188.8,-78.91329963,188.8,-78.91329963
940,189,-74.36471078,189,-74.36471078
941,189.2,-69.78637704,189.2,-69.78637704
942,189.4,-65.18012968,189.4,-65.18012968
943,189.6,-60.54781113,189.6,-60.54781113
944,189.8,-55.89127427,189.8,-55.89127427
945,190,-51.21238164,190,-51.21238164
946,190.2,-46.51300474,190.2,-46.51300474
947,190.4,-41.79502326,190.4,-41.79502326
948,190.6,-37.06032433,190.6,-37.06032433
949,190.8,-32.31080176,190.8,-32.31080176
950,191,-27.54835531,191,-27.54835531
951,191.2,-22.77488988,191.2,-22.77488988
952,191.4,-17.99231479,191.4,-17.99231479
953,191.6,-13.20254302,191.6,-13.20254302
954,191.8,-8.407490412,191.8,-8.407490412
955,192,-3.609074917,192,-3.609074917
956,192.2,1.19078416,192.2,1.19078416
957,192.4,5.990166939,192.4,5.990166939
958,192.6,10.78715373,192.6,10.78715373
959,192.8,15.57982581,192.8,15.57982581
960,193,20.36626616,193,20.36626616
961,193.2,25.14456028,193.2,25.14456028
962,193.4,29.9127969,193.4,29.9127969
963,193.6,34.66906881,193.6,34.66906881
964,193.8,39.41147355,193.8,39.41147355
965,194,44.13811423,194,44.13811423
966,194.2,48.84710026,194.2,48.84710026
967,194.4,53.53654809,194.4,53.53654809
968,194.6,58.20458202,194.6,58.20458202
969,194.8,62.84933489,194.8,62.84933489
970,195,67.46894886,195,67.46894886
971,195.2,72.06157616,195.2,72.06157616
972,195.4,76.62537978,195.4,76.62537978
973,195.6,81.15853428,195.6,81.15853428
974,195.8,85.65922644,195.8,85.65922644
975,196,90.12565606,196,90.12565606
976,196.2,94.55603661,196.2,94.55603661
977,196.4,98.94859601,196.4,98.94859601
978,196.6,103.3015773,196.6,103.3015773
979,196.8,107.6132393,196.8,107.6132393
980,197,111.8818575,197,111.8818575
981,197.2,116.1057244,197.2,116.1057244
982,197.4,120.2831506,197.4,120.2831506
983,197.6,124.4124651,197.6,124.4124651
984,197.8,128.4920163,197.8,128.4920163
985,198,132.5201724,198,132.5201724
986,198.2,136.4953222,198.2,136.4953222
987,198.4,140.4158757,198.4,140.4158757
988,198.6,144.2802647,198.6,144.2802647
989,198.8,148.0869435,198.8,148.0869435
990,199,151.8343895,199,151.8343895
991,199.2,155.5211038,199.2,155.5211038
992,199.4,159.1456117,199.4,159.1456117
993,199.6,162.7064635,199.6,162.7064635
994,199.8,166.2022349,199.8,166.2022349
995,200,169.6315276,200,169.6315276
996,200.2,172.99297,200.2,172.99297
997,200.4,176.2852175,200.4,176.2852175
998,200.6,179.5069532,200.6,179.5069532
999,200.8,182.6568885,200.8,182.6568885
1000,201,185.7337636,201,185.7337636
